Run,Run ID,TIME
LLM TIME FOR 20,0876c624bf614c7dba18af939faabeb2,401.8576419353485
LLM TIME FOR 15,a9bbc290b5034456bac1d0ef5e1714ec,271.420419216156
LLM TIME FOR 10,243431653002498fab8557f9896d1519,175.81956672668457
LLM TIME FOR 5,9cccb05b6fe84cb482ee54fa089c1b79,106.73828315734863
LLM TIME FOR 4,2a00168add4048c1a3ef8120f939294a,70.62609791755676
LLM TIME FOR 3,8923386d8eac4b2e9bf41f53aad7382a,43.76496124267578
LLM TIME FOR 2,b74dd647dffb4e088d112ac3317dfd5f,22.974624156951904
LLM TIME FOR 1,3f5346922a8b426fa801dfd4d14b11dc,9.359989166259766
